"PACKAGE","VERSION","LICENSE","LICENSE FILES","SOURCE ARCHIVE","SOURCE SITE","DEPENDENCIES WITH LICENSES"
"glibc","2.36-81-g4f4d7a13edfd2fdc57c9d76e1fd6d017fb47550c","GPL-2.0+ (programs), LGPL-2.1+, BSD-3-Clause, MIT (library)","COPYING COPYING.LIB LICENSES","glibc-2.36-81-g4f4d7a13edfd2fdc57c9d76e1fd6d017fb47550c.tar.gz","https://github.com/bminor/glibc/archive/2.36-81-g4f4d7a13edfd2fdc57c9d76e1fd6d017fb47550c","linux-headers [GPL-2.0] skeleton-init-common [unknown] skeleton-init-sysv [unknown]"
"linux-headers","custom","GPL-2.0","","linux-headers-custom.tar.gz","/home/wxt/test/rk3588/buildroot/../kernel","skeleton-init-common [unknown] skeleton-init-sysv [unknown]"
"alsa-lib","1.2.7.2","LGPL-2.1+ (library), GPL-2.0+ (aserver)","COPYING aserver/COPYING","alsa-lib-1.2.7.2.tar.bz2","https://www.alsa-project.org/files/pub/lib","glibc [GPL-2.0+ (programs), LGPL-2.1+, BSD-3-Clause, MIT (library)] linux-headers [GPL-2.0] skeleton-init-common [unknown] skeleton-init-sysv [unknown]"
"alsa-plugins","1.2.6","LGPL-2.1+","COPYING","alsa-plugins-1.2.6.tar.bz2","https://www.alsa-project.org/files/pub/plugins","alsa-lib [LGPL-2.1+ (library), GPL-2.0+ (aserver)] bluez5_utils [GPL-2.0+, LGPL-2.1+] dbus [AFL-2.1 or GPL-2.0+ (library, tools), GPL-2.0+ (tools)] eudev [GPL-2.0+ (programs), LGPL-2.1+ (libraries)] expat [MIT] flac [Xiph BSD-like (libFLAC), GPL-2.0+ (tools), LGPL-2.1+ (other libraries)] glibc [GPL-2.0+ (programs), LGPL-2.1+, BSD-3-Clause, MIT (library)] kmod [LGPL-2.1+ (library)] libffi [MIT] libglib2 [LGPL-2.1+] libogg [BSD-3-Clause] libopenssl [OpenSSL or SSLeay] libsndfile [LGPL-2.1+] libtool [LGPL-2.1+] libvorbis [BSD-3-Clause] libzlib [Zlib] linux-headers [GPL-2.0] ncurses [MIT with advertising clause] opus [BSD-3-Clause] pcre [BSD-3-Clause] pulseaudio [LGPL-2.1+ (specific license for modules, see LICENSE file)] readline [GPL-3.0+] sbc [GPL-2.0+ (programs), LGPL-2.1+ (library)] skeleton-init-common [unknown] skeleton-init-sysv [unknown] speex [BSD-3-Clause] util-linux-libs [LGPL-2.1+ (libblkid, libfdisk, libmount), BSD-3-Clause (libuuid)]"
"pulseaudio","14.2","LGPL-2.1+ (specific license for modules, see LICENSE file)","LICENSE GPL LGPL","pulseaudio-14.2.tar.xz","https://freedesktop.org/software/pulseaudio/releases","alsa-lib [LGPL-2.1+ (library), GPL-2.0+ (aserver)] bluez5_utils [GPL-2.0+, LGPL-2.1+] dbus [AFL-2.1 or GPL-2.0+ (library, tools), GPL-2.0+ (tools)] eudev [GPL-2.0+ (programs), LGPL-2.1+ (libraries)] expat [MIT] flac [Xiph BSD-like (libFLAC), GPL-2.0+ (tools), LGPL-2.1+ (other libraries)] glibc [GPL-2.0+ (programs), LGPL-2.1+, BSD-3-Clause, MIT (library)] kmod [LGPL-2.1+ (library)] libffi [MIT] libglib2 [LGPL-2.1+] libogg [BSD-3-Clause] libopenssl [OpenSSL or SSLeay] libsndfile [LGPL-2.1+] libtool [LGPL-2.1+] libvorbis [BSD-3-Clause] libzlib [Zlib] linux-headers [GPL-2.0] ncurses [MIT with advertising clause] opus [BSD-3-Clause] pcre [BSD-3-Clause] readline [GPL-3.0+] sbc [GPL-2.0+ (programs), LGPL-2.1+ (library)] skeleton-init-common [unknown] skeleton-init-sysv [unknown] speex [BSD-3-Clause] util-linux-libs [LGPL-2.1+ (libblkid, libfdisk, libmount), BSD-3-Clause (libuuid)]"
"bluez5_utils","5.62","GPL-2.0+, LGPL-2.1+","COPYING COPYING.LIB","bluez-5.62.tar.xz","https://cdn.kernel.org/pub/linux/bluetooth","dbus [AFL-2.1 or GPL-2.0+ (library, tools), GPL-2.0+ (tools)] eudev [GPL-2.0+ (programs), LGPL-2.1+ (libraries)] expat [MIT] glibc [GPL-2.0+ (programs), LGPL-2.1+, BSD-3-Clause, MIT (library)] kmod [LGPL-2.1+ (library)] libffi [MIT] libglib2 [LGPL-2.1+] libopenssl [OpenSSL or SSLeay] libzlib [Zlib] linux-headers [GPL-2.0] ncurses [MIT with advertising clause] pcre [BSD-3-Clause] readline [GPL-3.0+] skeleton-init-common [unknown] skeleton-init-sysv [unknown] util-linux-libs [LGPL-2.1+ (libblkid, libfdisk, libmount), BSD-3-Clause (libuuid)]"
"dbus","1.12.20","AFL-2.1 or GPL-2.0+ (library, tools), GPL-2.0+ (tools)","COPYING","dbus-1.12.20.tar.gz","https://dbus.freedesktop.org/releases/dbus","expat [MIT] glibc [GPL-2.0+ (programs), LGPL-2.1+, BSD-3-Clause, MIT (library)] linux-headers [GPL-2.0] skeleton-init-common [unknown] skeleton-init-sysv [unknown]"
"expat","2.4.1","MIT","COPYING","expat-2.4.1.tar.xz","http://downloads.sourceforge.net/project/expat/expat/2.4.1","glibc [GPL-2.0+ (programs), LGPL-2.1+, BSD-3-Clause, MIT (library)] linux-headers [GPL-2.0] skeleton-init-common [unknown] skeleton-init-sysv [unknown]"
"libglib2","2.68.4","LGPL-2.1+","COPYING","glib-2.68.4.tar.xz","http://ftp.gnome.org/pub/gnome/sources/glib/2.68","glibc [GPL-2.0+ (programs), LGPL-2.1+, BSD-3-Clause, MIT (library)] libffi [MIT] libzlib [Zlib] linux-headers [GPL-2.0] pcre [BSD-3-Clause] skeleton-init-common [unknown] skeleton-init-sysv [unknown] util-linux-libs [LGPL-2.1+ (libblkid, libfdisk, libmount), BSD-3-Clause (libuuid)]"
"libffi","3.4.2","MIT","LICENSE","libffi-3.4.2.tar.gz","https://github.com/libffi/libffi/releases/download/v3.4.2","glibc [GPL-2.0+ (programs), LGPL-2.1+, BSD-3-Clause, MIT (library)] linux-headers [GPL-2.0] skeleton-init-common [unknown] skeleton-init-sysv [unknown]"
"pcre","8.45","BSD-3-Clause","LICENCE","pcre-8.45.tar.bz2","http://downloads.sourceforge.net/project/pcre/pcre/8.45","glibc [GPL-2.0+ (programs), LGPL-2.1+, BSD-3-Clause, MIT (library)] linux-headers [GPL-2.0] skeleton-init-common [unknown] skeleton-init-sysv [unknown]"
"util-linux-libs","2.37.2","LGPL-2.1+ (libblkid, libfdisk, libmount), BSD-3-Clause (libuuid)","README.licensing Documentation/licenses/COPYING.BSD-3-Clause Documentation/licenses/COPYING.LGPL-2.1-or-later","util-linux-2.37.2.tar.xz","https://cdn.kernel.org/pub/linux/utils/util-linux/v2.37","glibc [GPL-2.0+ (programs), LGPL-2.1+, BSD-3-Clause, MIT (library)] linux-headers [GPL-2.0] skeleton-init-common [unknown] skeleton-init-sysv [unknown]"
"libzlib","1.2.11","Zlib","README","zlib-1.2.11.tar.xz","http://www.zlib.net","glibc [GPL-2.0+ (programs), LGPL-2.1+, BSD-3-Clause, MIT (library)] linux-headers [GPL-2.0] skeleton-init-common [unknown] skeleton-init-sysv [unknown]"
"readline","8.1","GPL-3.0+","COPYING","readline-8.1.tar.gz","http://ftpmirror.gnu.org/readline","glibc [GPL-2.0+ (programs), LGPL-2.1+, BSD-3-Clause, MIT (library)] linux-headers [GPL-2.0] ncurses [MIT with advertising clause] skeleton-init-common [unknown] skeleton-init-sysv [unknown]"
"ncurses","6.1","MIT with advertising clause","COPYING","ncurses-6.1.tar.gz","http://ftpmirror.gnu.org/ncurses","glibc [GPL-2.0+ (programs), LGPL-2.1+, BSD-3-Clause, MIT (library)] linux-headers [GPL-2.0] skeleton-init-common [unknown] skeleton-init-sysv [unknown]"
"eudev","3.2.10","GPL-2.0+ (programs), LGPL-2.1+ (libraries)","COPYING","eudev-3.2.10.tar.gz","http://dev.gentoo.org/~blueness/eudev","glibc [GPL-2.0+ (programs), LGPL-2.1+, BSD-3-Clause, MIT (library)] kmod [LGPL-2.1+ (library)] libopenssl [OpenSSL or SSLeay] libzlib [Zlib] linux-headers [GPL-2.0] skeleton-init-common [unknown] skeleton-init-sysv [unknown] util-linux-libs [LGPL-2.1+ (libblkid, libfdisk, libmount), BSD-3-Clause (libuuid)]"
"kmod","29","LGPL-2.1+ (library)","libkmod/COPYING","kmod-29.tar.xz","https://cdn.kernel.org/pub/linux/utils/kernel/kmod","glibc [GPL-2.0+ (programs), LGPL-2.1+, BSD-3-Clause, MIT (library)] libopenssl [OpenSSL or SSLeay] libzlib [Zlib] linux-headers [GPL-2.0] skeleton-init-common [unknown] skeleton-init-sysv [unknown]"
"libopenssl","1.1.1l","OpenSSL or SSLeay","LICENSE","openssl-1.1.1l.tar.gz","https://www.openssl.org/source","glibc [GPL-2.0+ (programs), LGPL-2.1+, BSD-3-Clause, MIT (library)] libzlib [Zlib] linux-headers [GPL-2.0] skeleton-init-common [unknown] skeleton-init-sysv [unknown]"
"libsndfile","1.0.31","LGPL-2.1+","COPYING","libsndfile-1.0.31.tar.bz2","https://github.com/libsndfile/libsndfile/releases/download/1.0.31","flac [Xiph BSD-like (libFLAC), GPL-2.0+ (tools), LGPL-2.1+ (other libraries)] glibc [GPL-2.0+ (programs), LGPL-2.1+, BSD-3-Clause, MIT (library)] libogg [BSD-3-Clause] libvorbis [BSD-3-Clause] linux-headers [GPL-2.0] opus [BSD-3-Clause] skeleton-init-common [unknown] skeleton-init-sysv [unknown]"
"flac","1.3.3","Xiph BSD-like (libFLAC), GPL-2.0+ (tools), LGPL-2.1+ (other libraries)","COPYING.Xiph COPYING.GPL COPYING.LGPL","flac-1.3.3.tar.xz","http://downloads.xiph.org/releases/flac","glibc [GPL-2.0+ (programs), LGPL-2.1+, BSD-3-Clause, MIT (library)] libogg [BSD-3-Clause] linux-headers [GPL-2.0] skeleton-init-common [unknown] skeleton-init-sysv [unknown]"
"libogg","1.3.5","BSD-3-Clause","COPYING","libogg-1.3.5.tar.xz","http://downloads.xiph.org/releases/ogg","glibc [GPL-2.0+ (programs), LGPL-2.1+, BSD-3-Clause, MIT (library)] linux-headers [GPL-2.0] skeleton-init-common [unknown] skeleton-init-sysv [unknown]"
"libvorbis","1.3.7","BSD-3-Clause","COPYING","libvorbis-1.3.7.tar.xz","https://downloads.xiph.org/releases/vorbis","glibc [GPL-2.0+ (programs), LGPL-2.1+, BSD-3-Clause, MIT (library)] libogg [BSD-3-Clause] linux-headers [GPL-2.0] skeleton-init-common [unknown] skeleton-init-sysv [unknown]"
"opus","1.3.1","BSD-3-Clause","COPYING","opus-1.3.1.tar.gz","https://downloads.xiph.org/releases/opus","glibc [GPL-2.0+ (programs), LGPL-2.1+, BSD-3-Clause, MIT (library)] linux-headers [GPL-2.0] skeleton-init-common [unknown] skeleton-init-sysv [unknown]"
"libtool","2.4.6","LGPL-2.1+","libltdl/COPYING.LIB","libtool-2.4.6.tar.xz","http://ftpmirror.gnu.org/libtool","glibc [GPL-2.0+ (programs), LGPL-2.1+, BSD-3-Clause, MIT (library)] linux-headers [GPL-2.0] skeleton-init-common [unknown] skeleton-init-sysv [unknown]"
"sbc","1.5","GPL-2.0+ (programs), LGPL-2.1+ (library)","COPYING COPYING.LIB","sbc-1.5.tar.xz","https://cdn.kernel.org/pub/linux/bluetooth","flac [Xiph BSD-like (libFLAC), GPL-2.0+ (tools), LGPL-2.1+ (other libraries)] glibc [GPL-2.0+ (programs), LGPL-2.1+, BSD-3-Clause, MIT (library)] libogg [BSD-3-Clause] libsndfile [LGPL-2.1+] libvorbis [BSD-3-Clause] linux-headers [GPL-2.0] opus [BSD-3-Clause] skeleton-init-common [unknown] skeleton-init-sysv [unknown]"
"speex","1.2.0","BSD-3-Clause","COPYING","speex-1.2.0.tar.gz","https://downloads.xiph.org/releases/speex","glibc [GPL-2.0+ (programs), LGPL-2.1+, BSD-3-Clause, MIT (library)] libogg [BSD-3-Clause] linux-headers [GPL-2.0] skeleton-init-common [unknown] skeleton-init-sysv [unknown]"
"alsa-ucm-conf","v1.2.6.3","BSD-3-Clause","LICENSE","alsa-ucm-conf-v1.2.6.3.tar.gz","https://github.com/alsa-project/alsa-ucm-conf/archive/v1.2.6.3","glibc [GPL-2.0+ (programs), LGPL-2.1+, BSD-3-Clause, MIT (library)] linux-headers [GPL-2.0] skeleton-init-common [unknown] skeleton-init-sysv [unknown]"
"alsa-utils","1.2.7","GPL-2.0","COPYING","alsa-utils-1.2.7.tar.bz2","https://www.alsa-project.org/files/pub/utils","alsa-lib [LGPL-2.1+ (library), GPL-2.0+ (aserver)] glibc [GPL-2.0+ (programs), LGPL-2.1+, BSD-3-Clause, MIT (library)] linux-headers [GPL-2.0] ncurses [MIT with advertising clause] skeleton-init-common [unknown] skeleton-init-sysv [unknown]"
"android-tools","4.2.2+git20130218","Apache-2.0","debian/copyright","android-tools_4.2.2+git20130218.orig.tar.xz","https://launchpad.net/ubuntu/+archive/primary/+files","glibc [GPL-2.0+ (programs), LGPL-2.1+, BSD-3-Clause, MIT (library)] libopenssl [OpenSSL or SSLeay] libzlib [Zlib] linux-headers [GPL-2.0] skeleton-init-common [unknown] skeleton-init-sysv [unknown]"
"at-spi2-atk","2.34.2","LGPL-2.1+","COPYING","at-spi2-atk-2.34.2.tar.xz","http://ftp.gnome.org/pub/gnome/sources/at-spi2-atk/2.34","at-spi2-core [LGPL-2.1+] atk [LGPL-2.0+] dbus [AFL-2.1 or GPL-2.0+ (library, tools), GPL-2.0+ (tools)] expat [MIT] glibc [GPL-2.0+ (programs), LGPL-2.1+, BSD-3-Clause, MIT (library)] libffi [MIT] libglib2 [LGPL-2.1+] libzlib [Zlib] linux-headers [GPL-2.0] pcre [BSD-3-Clause] skeleton-init-common [unknown] skeleton-init-sysv [unknown] util-linux-libs [LGPL-2.1+ (libblkid, libfdisk, libmount), BSD-3-Clause (libuuid)]"
"at-spi2-core","2.36.0","LGPL-2.1+","COPYING","at-spi2-core-2.36.0.tar.xz","http://ftp.gnome.org/pub/gnome/sources/at-spi2-core/2.36","dbus [AFL-2.1 or GPL-2.0+ (library, tools), GPL-2.0+ (tools)] expat [MIT] glibc [GPL-2.0+ (programs), LGPL-2.1+, BSD-3-Clause, MIT (library)] libffi [MIT] libglib2 [LGPL-2.1+] libzlib [Zlib] linux-headers [GPL-2.0] pcre [BSD-3-Clause] skeleton-init-common [unknown] skeleton-init-sysv [unknown] util-linux-libs [LGPL-2.1+ (libblkid, libfdisk, libmount), BSD-3-Clause (libuuid)]"
"atk","2.36.0","LGPL-2.0+","COPYING","atk-2.36.0.tar.xz","http://ftp.gnome.org/pub/gnome/sources/atk/2.36","glibc [GPL-2.0+ (programs), LGPL-2.1+, BSD-3-Clause, MIT (library)] libffi [MIT] libglib2 [LGPL-2.1+] libzlib [Zlib] linux-headers [GPL-2.0] pcre [BSD-3-Clause] skeleton-init-common [unknown] skeleton-init-sysv [unknown] util-linux-libs [LGPL-2.1+ (libblkid, libfdisk, libmount), BSD-3-Clause (libuuid)]"
"bash","5.1.16","GPL-3.0+","COPYING","bash-5.1.16.tar.gz","http://ftpmirror.gnu.org/bash","glibc [GPL-2.0+ (programs), LGPL-2.1+, BSD-3-Clause, MIT (library)] linux-headers [GPL-2.0] ncurses [MIT with advertising clause] readline [GPL-3.0+] skeleton-init-common [unknown] skeleton-init-sysv [unknown]"
"bluez-alsa","4.0.0","MIT","LICENSE","bluez-alsa-4.0.0.tar.gz","https://github.com/Arkq/bluez-alsa/archive/v4.0.0","alsa-lib [LGPL-2.1+ (library), GPL-2.0+ (aserver)] bluez5_utils [GPL-2.0+, LGPL-2.1+] dbus [AFL-2.1 or GPL-2.0+ (library, tools), GPL-2.0+ (tools)] eudev [GPL-2.0+ (programs), LGPL-2.1+ (libraries)] expat [MIT] flac [Xiph BSD-like (libFLAC), GPL-2.0+ (tools), LGPL-2.1+ (other libraries)] glibc [GPL-2.0+ (programs), LGPL-2.1+, BSD-3-Clause, MIT (library)] kmod [LGPL-2.1+ (library)] libbsd [BSD-2-Clause, BSD-3-Clause, BSD-4-Clause, BSD-5-Clause, MIT, ISC, Beerware] libffi [MIT] libglib2 [LGPL-2.1+] libogg [BSD-3-Clause] libopenssl [OpenSSL or SSLeay] libsndfile [LGPL-2.1+] libvorbis [BSD-3-Clause] libzlib [Zlib] linux-headers [GPL-2.0] mpg123 [LGPL-2.1] ncurses [MIT with advertising clause] opus [BSD-3-Clause] pcre [BSD-3-Clause] readline [GPL-3.0+] sbc [GPL-2.0+ (programs), LGPL-2.1+ (library)] skeleton-init-common [unknown] skeleton-init-sysv [unknown] util-linux-libs [LGPL-2.1+ (libblkid, libfdisk, libmount), BSD-3-Clause (libuuid)]"
"libbsd","0.10.0","BSD-2-Clause, BSD-3-Clause, BSD-4-Clause, BSD-5-Clause, MIT, ISC, Beerware","COPYING","libbsd-0.10.0.tar.xz","https://libbsd.freedesktop.org/releases","glibc [GPL-2.0+ (programs), LGPL-2.1+, BSD-3-Clause, MIT (library)] linux-headers [GPL-2.0] skeleton-init-common [unknown] skeleton-init-sysv [unknown]"
"mpg123","1.25.15","LGPL-2.1","COPYING","mpg123-1.25.15.tar.bz2","http://downloads.sourceforge.net/project/mpg123/mpg123/1.25.15","alsa-lib [LGPL-2.1+ (library), GPL-2.0+ (aserver)] glibc [GPL-2.0+ (programs), LGPL-2.1+, BSD-3-Clause, MIT (library)] linux-headers [GPL-2.0] skeleton-init-common [unknown] skeleton-init-sysv [unknown]"
"busybox","1.34.1","GPL-2.0, bzip2-1.0.4","LICENSE archival/libarchive/bz/LICENSE","busybox-1.34.1.tar.bz2","https://www.busybox.net/downloads","bash [GPL-3.0+] coreutils [GPL-3.0+] dosfstools [GPL-3.0+] e2fsprogs [GPL-2.0, MIT-like with advertising clause (libss and libet)] eudev [GPL-2.0+ (programs), LGPL-2.1+ (libraries)] glibc [GPL-2.0+ (programs), LGPL-2.1+, BSD-3-Clause, MIT (library)] i2c-tools [GPL-2.0+, GPL-2.0 (py-smbus), LGPL-2.1+ (libi2c)] iputils [GPL-2.0+, BSD-3-Clause] kmod [LGPL-2.1+ (library)] libevent [BSD-3-Clause, OpenBSD] libopenssl [OpenSSL or SSLeay] libtirpc [BSD-3-Clause] libzlib [Zlib] linux-headers [GPL-2.0] ncurses [MIT with advertising clause] ntp [NTP] procps-ng [GPL-2.0+, LGPL-2.0+ (libproc and libps)] readline [GPL-3.0+] skeleton-init-common [unknown] skeleton-init-sysv [unknown] util-linux [GPL-2.0+, BSD-4-Clause, LGPL-2.1+ (libblkid, libfdisk, libmount), BSD-3-Clause (libuuid), ISC (rfkill)] util-linux-libs [LGPL-2.1+ (libblkid, libfdisk, libmount), BSD-3-Clause (libuuid)]"
"coreutils","9.0","GPL-3.0+","COPYING","coreutils-9.0.tar.xz","http://ftpmirror.gnu.org/coreutils","glibc [GPL-2.0+ (programs), LGPL-2.1+, BSD-3-Clause, MIT (library)] libopenssl [OpenSSL or SSLeay] libzlib [Zlib] linux-headers [GPL-2.0] skeleton-init-common [unknown] skeleton-init-sysv [unknown]"
"dosfstools","4.2","GPL-3.0+","COPYING","dosfstools-4.2.tar.gz","https://github.com/dosfstools/dosfstools/releases/download/v4.2","eudev [GPL-2.0+ (programs), LGPL-2.1+ (libraries)] glibc [GPL-2.0+ (programs), LGPL-2.1+, BSD-3-Clause, MIT (library)] kmod [LGPL-2.1+ (library)] libopenssl [OpenSSL or SSLeay] libzlib [Zlib] linux-headers [GPL-2.0] skeleton-init-common [unknown] skeleton-init-sysv [unknown] util-linux-libs [LGPL-2.1+ (libblkid, libfdisk, libmount), BSD-3-Clause (libuuid)]"
"e2fsprogs","1.46.5","GPL-2.0, MIT-like with advertising clause (libss and libet)","NOTICE lib/ss/mit-sipb-copyright.h lib/et/internal.h","e2fsprogs-1.46.5.tar.xz","https://cdn.kernel.org/pub/linux/kernel/people/tytso/e2fsprogs/v1.46.5","eudev [GPL-2.0+ (programs), LGPL-2.1+ (libraries)] glibc [GPL-2.0+ (programs), LGPL-2.1+, BSD-3-Clause, MIT (library)] kmod [LGPL-2.1+ (library)] libopenssl [OpenSSL or SSLeay] libzlib [Zlib] linux-headers [GPL-2.0] ncurses [MIT with advertising clause] readline [GPL-3.0+] skeleton-init-common [unknown] skeleton-init-sysv [unknown] util-linux [GPL-2.0+, BSD-4-Clause, LGPL-2.1+ (libblkid, libfdisk, libmount), BSD-3-Clause (libuuid), ISC (rfkill)] util-linux-libs [LGPL-2.1+ (libblkid, libfdisk, libmount), BSD-3-Clause (libuuid)]"
"util-linux","2.37.2","GPL-2.0+, BSD-4-Clause, LGPL-2.1+ (libblkid, libfdisk, libmount), BSD-3-Clause (libuuid), ISC (rfkill)","README.licensing Documentation/licenses/COPYING.BSD-3-Clause Documentation/licenses/COPYING.BSD-4-Clause-UC Documentation/licenses/COPYING.GPL-2.0-or-later Documentation/licenses/COPYING.ISC Documentation/licenses/COPYING.LGPL-2.1-or-later","util-linux-2.37.2.tar.xz","https://cdn.kernel.org/pub/linux/utils/util-linux/v2.37","eudev [GPL-2.0+ (programs), LGPL-2.1+ (libraries)] glibc [GPL-2.0+ (programs), LGPL-2.1+, BSD-3-Clause, MIT (library)] kmod [LGPL-2.1+ (library)] libopenssl [OpenSSL or SSLeay] libzlib [Zlib] linux-headers [GPL-2.0] ncurses [MIT with advertising clause] readline [GPL-3.0+] skeleton-init-common [unknown] skeleton-init-sysv [unknown] util-linux-libs [LGPL-2.1+ (libblkid, libfdisk, libmount), BSD-3-Clause (libuuid)]"
"i2c-tools","4.3","GPL-2.0+, GPL-2.0 (py-smbus), LGPL-2.1+ (libi2c)","COPYING COPYING.LGPL README","i2c-tools-4.3.tar.xz","https://www.kernel.org/pub/software/utils/i2c-tools","glibc [GPL-2.0+ (programs), LGPL-2.1+, BSD-3-Clause, MIT (library)] linux-headers [GPL-2.0] skeleton-init-common [unknown] skeleton-init-sysv [unknown]"
"iputils","20210722","GPL-2.0+, BSD-3-Clause","LICENSE Documentation/LICENSE.BSD3 Documentation/LICENSE.GPL2","iputils-20210722.tar.gz","https://github.com/iputils/iputils/archive/20210722","glibc [GPL-2.0+ (programs), LGPL-2.1+, BSD-3-Clause, MIT (library)] linux-headers [GPL-2.0] skeleton-init-common [unknown] skeleton-init-sysv [unknown]"
"libtirpc","1.3.2","BSD-3-Clause","COPYING","libtirpc-1.3.2.tar.bz2","http://downloads.sourceforge.net/project/libtirpc/libtirpc/1.3.2","glibc [GPL-2.0+ (programs), LGPL-2.1+, BSD-3-Clause, MIT (library)] linux-headers [GPL-2.0] skeleton-init-common [unknown] skeleton-init-sysv [unknown]"
"ntp","4.2.8p15","NTP","COPYRIGHT","ntp-4.2.8p15.tar.gz","https://www.eecis.udel.edu/~ntp/ntp_spool/ntp4/ntp-4.2","glibc [GPL-2.0+ (programs), LGPL-2.1+, BSD-3-Clause, MIT (library)] libevent [BSD-3-Clause, OpenBSD] libopenssl [OpenSSL or SSLeay] libzlib [Zlib] linux-headers [GPL-2.0] skeleton-init-common [unknown] skeleton-init-sysv [unknown]"
"libevent","2.1.12","BSD-3-Clause, OpenBSD","LICENSE","libevent-2.1.12-stable.tar.gz","https://github.com/libevent/libevent/releases/download/release-2.1.12-stable","glibc [GPL-2.0+ (programs), LGPL-2.1+, BSD-3-Clause, MIT (library)] libopenssl [OpenSSL or SSLeay] libzlib [Zlib] linux-headers [GPL-2.0] skeleton-init-common [unknown] skeleton-init-sysv [unknown]"
"procps-ng","3.3.15","GPL-2.0+, LGPL-2.0+ (libproc and libps)","COPYING COPYING.LIB","procps-ng-3.3.15.tar.xz","http://downloads.sourceforge.net/project/procps-ng/Production","glibc [GPL-2.0+ (programs), LGPL-2.1+, BSD-3-Clause, MIT (library)] linux-headers [GPL-2.0] ncurses [MIT with advertising clause] skeleton-init-common [unknown] skeleton-init-sysv [unknown]"
"cairo","1.16.0","LGPL-2.1 or MPL-1.1 (library)","COPYING COPYING-LGPL-2.1 COPYING-MPL-1.1","cairo-1.16.0.tar.xz","http://cairographics.org/releases","eudev [GPL-2.0+ (programs), LGPL-2.1+ (libraries)] expat [MIT] fontconfig [fontconfig license] freetype [Dual FTL/GPL-2.0+] glibc [GPL-2.0+ (programs), LGPL-2.1+, BSD-3-Clause, MIT (library)] kmod [LGPL-2.1+ (library)] libdrm [MIT] libffi [MIT] libglib2 [LGPL-2.1+] libopenssl [OpenSSL or SSLeay] libpng [Libpng-2.0] libpthread-stubs [MIT] libxml2 [MIT] libzlib [Zlib] linux-headers [GPL-2.0] pcre [BSD-3-Clause] pixman [MIT] rockchip-mali [ARM] skeleton-init-common [unknown] skeleton-init-sysv [unknown] util-linux-libs [LGPL-2.1+ (libblkid, libfdisk, libmount), BSD-3-Clause (libuuid)] wayland [MIT]"
"fontconfig","2.13.1","fontconfig license","COPYING","fontconfig-2.13.1.tar.bz2","http://fontconfig.org/release","expat [MIT] freetype [Dual FTL/GPL-2.0+] glibc [GPL-2.0+ (programs), LGPL-2.1+, BSD-3-Clause, MIT (library)] libpng [Libpng-2.0] libzlib [Zlib] linux-headers [GPL-2.0] skeleton-init-common [unknown] skeleton-init-sysv [unknown] util-linux-libs [LGPL-2.1+ (libblkid, libfdisk, libmount), BSD-3-Clause (libuuid)]"
"freetype","2.10.4","Dual FTL/GPL-2.0+","docs/LICENSE.TXT docs/FTL.TXT docs/GPLv2.TXT","freetype-2.10.4.tar.xz","http://download.savannah.gnu.org/releases/freetype","glibc [GPL-2.0+ (programs), LGPL-2.1+, BSD-3-Clause, MIT (library)] libpng [Libpng-2.0] libzlib [Zlib] linux-headers [GPL-2.0] skeleton-init-common [unknown] skeleton-init-sysv [unknown]"
"libpng","1.6.37","Libpng-2.0","LICENSE","libpng-1.6.37.tar.xz","http://downloads.sourceforge.net/project/libpng/libpng16/1.6.37","glibc [GPL-2.0+ (programs), LGPL-2.1+, BSD-3-Clause, MIT (library)] libzlib [Zlib] linux-headers [GPL-2.0] skeleton-init-common [unknown] skeleton-init-sysv [unknown]"
"rockchip-mali","master","ARM","END_USER_LICENCE_AGREEMENT.txt","rockchip-mali-master.tar.gz","/home/wxt/test/rk3588/buildroot/../external/libmali","eudev [GPL-2.0+ (programs), LGPL-2.1+ (libraries)] expat [MIT] glibc [GPL-2.0+ (programs), LGPL-2.1+, BSD-3-Clause, MIT (library)] kmod [LGPL-2.1+ (library)] libdrm [MIT] libffi [MIT] libopenssl [OpenSSL or SSLeay] libpthread-stubs [MIT] libxml2 [MIT] libzlib [Zlib] linux-headers [GPL-2.0] skeleton-init-common [unknown] skeleton-init-sysv [unknown] util-linux-libs [LGPL-2.1+ (libblkid, libfdisk, libmount), BSD-3-Clause (libuuid)] wayland [MIT]"
"libdrm","2.4.109","MIT","data/meson.build","libdrm-2.4.109.tar.xz","https://dri.freedesktop.org/libdrm","eudev [GPL-2.0+ (programs), LGPL-2.1+ (libraries)] glibc [GPL-2.0+ (programs), LGPL-2.1+, BSD-3-Clause, MIT (library)] kmod [LGPL-2.1+ (library)] libopenssl [OpenSSL or SSLeay] libpthread-stubs [MIT] libzlib [Zlib] linux-headers [GPL-2.0] skeleton-init-common [unknown] skeleton-init-sysv [unknown] util-linux-libs [LGPL-2.1+ (libblkid, libfdisk, libmount), BSD-3-Clause (libuuid)]"
"libpthread-stubs","0.4","MIT","COPYING","libpthread-stubs-0.4.tar.bz2","http://xcb.freedesktop.org/dist","glibc [GPL-2.0+ (programs), LGPL-2.1+, BSD-3-Clause, MIT (library)] linux-headers [GPL-2.0] skeleton-init-common [unknown] skeleton-init-sysv [unknown]"
"wayland","1.21.0","MIT","COPYING","wayland-1.21.0.tar.xz","https://gitlab.freedesktop.org/wayland/wayland/-/releases/1.21.0/downloads","expat [MIT] glibc [GPL-2.0+ (programs), LGPL-2.1+, BSD-3-Clause, MIT (library)] libffi [MIT] libxml2 [MIT] libzlib [Zlib] linux-headers [GPL-2.0] skeleton-init-common [unknown] skeleton-init-sysv [unknown]"
"libxml2","2.9.14","MIT","COPYING","libxml2-2.9.14.tar.xz","http://ftp.gnome.org/pub/gnome/sources/libxml2/2.9","glibc [GPL-2.0+ (programs), LGPL-2.1+, BSD-3-Clause, MIT (library)] libzlib [Zlib] linux-headers [GPL-2.0] skeleton-init-common [unknown] skeleton-init-sysv [unknown]"
"pixman","0.40.0","MIT","COPYING","pixman-0.40.0.tar.xz","https://xorg.freedesktop.org/releases/individual/lib","glibc [GPL-2.0+ (programs), LGPL-2.1+, BSD-3-Clause, MIT (library)] linux-headers [GPL-2.0] skeleton-init-common [unknown] skeleton-init-sysv [unknown]"
"chromium-wayland","88.0.4324.150","unknown","LICENSE","chromium-ozone-wayland_88.0.4324.150_aarch64.tgz","/home/wxt/test/rk3588/buildroot/../external/chromium","glibc [GPL-2.0+ (programs), LGPL-2.1+, BSD-3-Clause, MIT (library)] linux-headers [GPL-2.0] skeleton-init-common [unknown] skeleton-init-sysv [unknown]"
"dhcpcd","9.4.1","BSD-2-Clause","LICENSE","dhcpcd-9.4.1.tar.xz","http://roy.marples.name/downloads/dhcpcd","eudev [GPL-2.0+ (programs), LGPL-2.1+ (libraries)] glibc [GPL-2.0+ (programs), LGPL-2.1+, BSD-3-Clause, MIT (library)] kmod [LGPL-2.1+ (library)] libopenssl [OpenSSL or SSLeay] libzlib [Zlib] linux-headers [GPL-2.0] skeleton-init-common [unknown] skeleton-init-sysv [unknown] util-linux-libs [LGPL-2.1+ (libblkid, libfdisk, libmount), BSD-3-Clause (libuuid)]"
"dhrystone","2","unknown","","dhry-c","http://www.netlib.org/benchmark","glibc [GPL-2.0+ (programs), LGPL-2.1+, BSD-3-Clause, MIT (library)] linux-headers [GPL-2.0] skeleton-init-common [unknown] skeleton-init-sysv [unknown]"
"dnsmasq","2.85","GPL-2.0 or GPL-3.0","COPYING COPYING-v3","dnsmasq-2.85.tar.xz","http://thekelleys.org.uk/dnsmasq","dbus [AFL-2.1 or GPL-2.0+ (library, tools), GPL-2.0+ (tools)] expat [MIT] glibc [GPL-2.0+ (programs), LGPL-2.1+, BSD-3-Clause, MIT (library)] linux-headers [GPL-2.0] skeleton-init-common [unknown] skeleton-init-sysv [unknown]"
"dropbear","2022.82","MIT, BSD-2-Clause, Public domain, Unlicense, WTFPL","LICENSE libtommath/LICENSE libtomcrypt/LICENSE","dropbear-2022.82.tar.bz2","https://matt.ucc.asn.au/dropbear/releases","glibc [GPL-2.0+ (programs), LGPL-2.1+, BSD-3-Clause, MIT (library)] linux-headers [GPL-2.0] skeleton-init-common [unknown] skeleton-init-sysv [unknown]"
"evtest","1.34","GPL-2.0+","COPYING","evtest-evtest-1.34.tar.gz","https://gitlab.freedesktop.org/libevdev/evtest/-/archive/evtest-1.34","glibc [GPL-2.0+ (programs), LGPL-2.1+, BSD-3-Clause, MIT (library)] linux-headers [GPL-2.0] skeleton-init-common [unknown] skeleton-init-sysv [unknown]"
"exfat-utils","1.3.0","GPL-2.0+","COPYING","exfat-utils-1.3.0.tar.gz","https://github.com/relan/exfat/releases/download/v1.3.0","glibc [GPL-2.0+ (programs), LGPL-2.1+, BSD-3-Clause, MIT (library)] linux-headers [GPL-2.0] skeleton-init-common [unknown] skeleton-init-sysv [unknown]"
"exfat","1.3.0","GPL-2.0+","COPYING","fuse-exfat-1.3.0.tar.gz","https://github.com/relan/exfat/releases/download/v1.3.0","glibc [GPL-2.0+ (programs), LGPL-2.1+, BSD-3-Clause, MIT (library)] libfuse [GPL-2.0, LGPL-2.1] linux-headers [GPL-2.0] skeleton-init-common [unknown] skeleton-init-sysv [unknown]"
"libfuse","2.9.9","GPL-2.0, LGPL-2.1","COPYING COPYING.LIB","fuse-2.9.9.tar.gz","https://github.com/libfuse/libfuse/releases/download/fuse-2.9.9","glibc [GPL-2.0+ (programs), LGPL-2.1+, BSD-3-Clause, MIT (library)] linux-headers [GPL-2.0] skeleton-init-common [unknown] skeleton-init-sysv [unknown]"
"faad2","2.10.0","GPL-2.0","COPYING","faad2-2.10.0.tar.gz","https://github.com/knik0/faad2/archive/2_10_0","glibc [GPL-2.0+ (programs), LGPL-2.1+, BSD-3-Clause, MIT (library)] linux-headers [GPL-2.0] skeleton-init-common [unknown] skeleton-init-sysv [unknown]"
"fatresize","321973ba156bbf2489e82c47c94b2bca74b16316","GPL-3.0","COPYING","fatresize-321973ba156bbf2489e82c47c94b2bca74b16316.tar.gz","https://github.com/ya-mouse/fatresize/archive/321973ba156bbf2489e82c47c94b2bca74b16316","eudev [GPL-2.0+ (programs), LGPL-2.1+ (libraries)] glibc [GPL-2.0+ (programs), LGPL-2.1+, BSD-3-Clause, MIT (library)] kmod [LGPL-2.1+ (library)] libopenssl [OpenSSL or SSLeay] libzlib [Zlib] linux-headers [GPL-2.0] ncurses [MIT with advertising clause] parted [GPL-3.0+] readline [GPL-3.0+] skeleton-init-common [unknown] skeleton-init-sysv [unknown] util-linux [GPL-2.0+, BSD-4-Clause, LGPL-2.1+ (libblkid, libfdisk, libmount), BSD-3-Clause (libuuid), ISC (rfkill)] util-linux-libs [LGPL-2.1+ (libblkid, libfdisk, libmount), BSD-3-Clause (libuuid)]"
"parted","3.3","GPL-3.0+","COPYING","parted-3.3.tar.xz","http://ftpmirror.gnu.org/parted","eudev [GPL-2.0+ (programs), LGPL-2.1+ (libraries)] glibc [GPL-2.0+ (programs), LGPL-2.1+, BSD-3-Clause, MIT (library)] kmod [LGPL-2.1+ (library)] libopenssl [OpenSSL or SSLeay] libzlib [Zlib] linux-headers [GPL-2.0] ncurses [MIT with advertising clause] readline [GPL-3.0+] skeleton-init-common [unknown] skeleton-init-sysv [unknown] util-linux [GPL-2.0+, BSD-4-Clause, LGPL-2.1+ (libblkid, libfdisk, libmount), BSD-3-Clause (libuuid), ISC (rfkill)] util-linux-libs [LGPL-2.1+ (libblkid, libfdisk, libmount), BSD-3-Clause (libuuid)]"
"fluidsynth","2.2.3","LGPL-2.1+","LICENSE","fluidsynth-2.2.3.tar.gz","https://github.com/FluidSynth/fluidsynth/archive/v2.2.3","alsa-lib [LGPL-2.1+ (library), GPL-2.0+ (aserver)] glibc [GPL-2.0+ (programs), LGPL-2.1+, BSD-3-Clause, MIT (library)] libffi [MIT] libglib2 [LGPL-2.1+] libzlib [Zlib] linux-headers [GPL-2.0] pcre [BSD-3-Clause] skeleton-init-common [unknown] skeleton-init-sysv [unknown] util-linux-libs [LGPL-2.1+ (libblkid, libfdisk, libmount), BSD-3-Clause (libuuid)]"
"gdk-pixbuf","2.42.4","LGPL-2.1+","COPYING","gdk-pixbuf-2.42.4.tar.xz","http://ftp.gnome.org/pub/gnome/sources/gdk-pixbuf/2.42","glibc [GPL-2.0+ (programs), LGPL-2.1+, BSD-3-Clause, MIT (library)] jpeg-turbo [IJG (libjpeg), BSD-3-Clause (TurboJPEG), Zlib (SIMD)] libffi [MIT] libglib2 [LGPL-2.1+] libpng [Libpng-2.0] libzlib [Zlib] linux-headers [GPL-2.0] pcre [BSD-3-Clause] skeleton-init-common [unknown] skeleton-init-sysv [unknown] util-linux-libs [LGPL-2.1+ (libblkid, libfdisk, libmount), BSD-3-Clause (libuuid)]"
"jpeg-turbo","2.1.3","IJG (libjpeg), BSD-3-Clause (TurboJPEG), Zlib (SIMD)","LICENSE.md README.ijg","libjpeg-turbo-2.1.3.tar.gz","https://downloads.sourceforge.net/project/libjpeg-turbo/2.1.3","glibc [GPL-2.0+ (programs), LGPL-2.1+, BSD-3-Clause, MIT (library)] linux-headers [GPL-2.0] skeleton-init-common [unknown] skeleton-init-sysv [unknown]"
"gesftpserver","1","GPL-2.0+","COPYING","sftpserver-1.tar.gz","http://www.greenend.org.uk/rjk/sftpserver","glibc [GPL-2.0+ (programs), LGPL-2.1+, BSD-3-Clause, MIT (library)] linux-headers [GPL-2.0] skeleton-init-common [unknown] skeleton-init-sysv [unknown]"
"glmark2","06e78b67702b5413335ecdf1ae816da9c20f6ed9","GPL-3.0+, SGIv1","COPYING COPYING.SGI","glmark2-06e78b67702b5413335ecdf1ae816da9c20f6ed9.tar.gz","https://github.com/glmark2/glmark2/archive/06e78b67702b5413335ecdf1ae816da9c20f6ed9","eudev [GPL-2.0+ (programs), LGPL-2.1+ (libraries)] expat [MIT] glibc [GPL-2.0+ (programs), LGPL-2.1+, BSD-3-Clause, MIT (library)] jpeg-turbo [IJG (libjpeg), BSD-3-Clause (TurboJPEG), Zlib (SIMD)] kmod [LGPL-2.1+ (library)] libdrm [MIT] libffi [MIT] libopenssl [OpenSSL or SSLeay] libpng [Libpng-2.0] libpthread-stubs [MIT] libxml2 [MIT] libzlib [Zlib] linux-headers [GPL-2.0] rockchip-mali [ARM] skeleton-init-common [unknown] skeleton-init-sysv [unknown] util-linux-libs [LGPL-2.1+ (libblkid, libfdisk, libmount), BSD-3-Clause (libuuid)] wayland [MIT] wayland-protocols [MIT]"
"wayland-protocols","1.31","MIT","COPYING","wayland-protocols-1.31.tar.xz","https://gitlab.freedesktop.org/wayland/wayland-protocols/-/releases/1.31/downloads","glibc [GPL-2.0+ (programs), LGPL-2.1+, BSD-3-Clause, MIT (library)] linux-headers [GPL-2.0] skeleton-init-common [unknown] skeleton-init-sysv [unknown]"
"gst1-plugins-bad","1.22.0","LGPL-2.0+, GPL-2.0+, UNKNOWN","COPYING COPYING","gst-plugins-bad-1.22.0.tar.xz","https://gstreamer.freedesktop.org/src/gst-plugins-bad","alsa-lib [LGPL-2.1+ (library), GPL-2.0+ (aserver)] eudev [GPL-2.0+ (programs), LGPL-2.1+ (libraries)] expat [MIT] faad2 [GPL-2.0] fluidsynth [LGPL-2.1+] glibc [GPL-2.0+ (programs), LGPL-2.1+, BSD-3-Clause, MIT (library)] gst1-plugins-base [LGPL-2.1+] gstreamer1 [LGPL-2.1+] jpeg-turbo [IJG (libjpeg), BSD-3-Clause (TurboJPEG), Zlib (SIMD)] kmod [LGPL-2.1+ (library)] libdrm [MIT] libffi [MIT] libglib2 [LGPL-2.1+] libmpeg2 [GPL-2.0+] libogg [BSD-3-Clause] libopenssl [OpenSSL or SSLeay] libpng [Libpng-2.0] libpthread-stubs [MIT] libtheora [BSD-3-Clause] libvorbis [BSD-3-Clause] libxml2 [MIT] libzlib [Zlib] linux-headers [GPL-2.0] mjpegtools [GPL-2.0+] pcre [BSD-3-Clause] rockchip-rga [Apache-2.0] rtmpdump [LGPL-2.1+] skeleton-init-common [unknown] skeleton-init-sysv [unknown] util-linux-libs [LGPL-2.1+ (libblkid, libfdisk, libmount), BSD-3-Clause (libuuid)] wayland [MIT] wayland-protocols [MIT]"
"gst1-plugins-base","1.22.0","LGPL-2.1+","COPYING","gst-plugins-base-1.22.0.tar.xz","https://gstreamer.freedesktop.org/src/gst-plugins-base","alsa-lib [LGPL-2.1+ (library), GPL-2.0+ (aserver)] eudev [GPL-2.0+ (programs), LGPL-2.1+ (libraries)] glibc [GPL-2.0+ (programs), LGPL-2.1+, BSD-3-Clause, MIT (library)] gstreamer1 [LGPL-2.1+] kmod [LGPL-2.1+ (library)] libdrm [MIT] libffi [MIT] libglib2 [LGPL-2.1+] libogg [BSD-3-Clause] libopenssl [OpenSSL or SSLeay] libpthread-stubs [MIT] libtheora [BSD-3-Clause] libvorbis [BSD-3-Clause] libzlib [Zlib] linux-headers [GPL-2.0] pcre [BSD-3-Clause] rockchip-rga [Apache-2.0] skeleton-init-common [unknown] skeleton-init-sysv [unknown] util-linux-libs [LGPL-2.1+ (libblkid, libfdisk, libmount), BSD-3-Clause (libuuid)]"
"gstreamer1","1.22.0","LGPL-2.1+","COPYING","gstreamer-1.22.0.tar.xz","https://gstreamer.freedesktop.org/src/gstreamer","glibc [GPL-2.0+ (programs), LGPL-2.1+, BSD-3-Clause, MIT (library)] libffi [MIT] libglib2 [LGPL-2.1+] libzlib [Zlib] linux-headers [GPL-2.0] pcre [BSD-3-Clause] skeleton-init-common [unknown] skeleton-init-sysv [unknown] util-linux-libs [LGPL-2.1+ (libblkid, libfdisk, libmount), BSD-3-Clause (libuuid)]"
"libtheora","1.1.1","BSD-3-Clause","COPYING LICENSE","libtheora-1.1.1.tar.xz","http://downloads.xiph.org/releases/theora","glibc [GPL-2.0+ (programs), LGPL-2.1+, BSD-3-Clause, MIT (library)] libogg [BSD-3-Clause] libvorbis [BSD-3-Clause] linux-headers [GPL-2.0] skeleton-init-common [unknown] skeleton-init-sysv [unknown]"
"rockchip-rga","master","Apache-2.0","COPYING","rockchip-rga-master.tar.gz","/home/wxt/test/rk3588/buildroot/../external/linux-rga","eudev [GPL-2.0+ (programs), LGPL-2.1+ (libraries)] glibc [GPL-2.0+ (programs), LGPL-2.1+, BSD-3-Clause, MIT (library)] kmod [LGPL-2.1+ (library)] libdrm [MIT] libopenssl [OpenSSL or SSLeay] libpthread-stubs [MIT] libzlib [Zlib] linux-headers [GPL-2.0] skeleton-init-common [unknown] skeleton-init-sysv [unknown] util-linux-libs [LGPL-2.1+ (libblkid, libfdisk, libmount), BSD-3-Clause (libuuid)]"
"libmpeg2","0.5.1","GPL-2.0+","COPYING","libmpeg2-0.5.1.tar.gz","http://libmpeg2.sourceforge.net/files","glibc [GPL-2.0+ (programs), LGPL-2.1+, BSD-3-Clause, MIT (library)] linux-headers [GPL-2.0] skeleton-init-common [unknown] skeleton-init-sysv [unknown]"
"mjpegtools","2.2.1","GPL-2.0+","COPYING","mjpegtools-2.2.1.tar.gz","http://sourceforge.net/projects/mjpeg/files/mjpegtools/2.2.1","glibc [GPL-2.0+ (programs), LGPL-2.1+, BSD-3-Clause, MIT (library)] jpeg-turbo [IJG (libjpeg), BSD-3-Clause (TurboJPEG), Zlib (SIMD)] libpng [Libpng-2.0] libzlib [Zlib] linux-headers [GPL-2.0] skeleton-init-common [unknown] skeleton-init-sysv [unknown]"
"rtmpdump","c5f04a58fc2aeea6296ca7c44ee4734c18401aa3","LGPL-2.1+","librtmp/COPYING","rtmpdump-c5f04a58fc2aeea6296ca7c44ee4734c18401aa3-br1.tar.gz","git://git.ffmpeg.org/rtmpdump","glibc [GPL-2.0+ (programs), LGPL-2.1+, BSD-3-Clause, MIT (library)] libzlib [Zlib] linux-headers [GPL-2.0] skeleton-init-common [unknown] skeleton-init-sysv [unknown]"
"gst1-plugins-good","1.22.0","LGPL-2.1+","COPYING","gst-plugins-good-1.22.0.tar.xz","https://gstreamer.freedesktop.org/src/gst-plugins-good","alsa-lib [LGPL-2.1+ (library), GPL-2.0+ (aserver)] bluez5_utils [GPL-2.0+, LGPL-2.1+] dbus [AFL-2.1 or GPL-2.0+ (library, tools), GPL-2.0+ (tools)] eudev [GPL-2.0+ (programs), LGPL-2.1+ (libraries)] expat [MIT] flac [Xiph BSD-like (libFLAC), GPL-2.0+ (tools), LGPL-2.1+ (other libraries)] gdk-pixbuf [LGPL-2.1+] glibc [GPL-2.0+ (programs), LGPL-2.1+, BSD-3-Clause, MIT (library)] gst1-plugins-base [LGPL-2.1+] gstreamer1 [LGPL-2.1+] jpeg-turbo [IJG (libjpeg), BSD-3-Clause (TurboJPEG), Zlib (SIMD)] kmod [LGPL-2.1+ (library)] libdrm [MIT] libffi [MIT] libglib2 [LGPL-2.1+] libgudev [LGPL-2.1+] libogg [BSD-3-Clause] libopenssl [OpenSSL or SSLeay] libpng [Libpng-2.0] libpthread-stubs [MIT] libsndfile [LGPL-2.1+] libtheora [BSD-3-Clause] libtool [LGPL-2.1+] libv4l [GPL-2.0+ (utilities), LGPL-2.1+ (libraries)] libvorbis [BSD-3-Clause] libzlib [Zlib] linux-headers [GPL-2.0] mpg123 [LGPL-2.1] ncurses [MIT with advertising clause] opus [BSD-3-Clause] pcre [BSD-3-Clause] pulseaudio [LGPL-2.1+ (specific license for modules, see LICENSE file)] readline [GPL-3.0+] rockchip-rga [Apache-2.0] sbc [GPL-2.0+ (programs), LGPL-2.1+ (library)] skeleton-init-common [unknown] skeleton-init-sysv [unknown] speex [BSD-3-Clause] util-linux-libs [LGPL-2.1+ (libblkid, libfdisk, libmount), BSD-3-Clause (libuuid)]"
"libgudev","236","LGPL-2.1+","COPYING","libgudev-236.tar.xz","http://ftp.gnome.org/pub/GNOME/sources/libgudev/236","eudev [GPL-2.0+ (programs), LGPL-2.1+ (libraries)] glibc [GPL-2.0+ (programs), LGPL-2.1+, BSD-3-Clause, MIT (library)] kmod [LGPL-2.1+ (library)] libffi [MIT] libglib2 [LGPL-2.1+] libopenssl [OpenSSL or SSLeay] libzlib [Zlib] linux-headers [GPL-2.0] pcre [BSD-3-Clause] skeleton-init-common [unknown] skeleton-init-sysv [unknown] util-linux-libs [LGPL-2.1+ (libblkid, libfdisk, libmount), BSD-3-Clause (libuuid)]"
"libv4l","1.22.1","GPL-2.0+ (utilities), LGPL-2.1+ (libraries)","COPYING COPYING.libv4l lib/libv4l1/libv4l1-kernelcode-license.txt","v4l-utils-1.22.1.tar.bz2","https://linuxtv.org/downloads/v4l-utils","alsa-lib [LGPL-2.1+ (library), GPL-2.0+ (aserver)] eudev [GPL-2.0+ (programs), LGPL-2.1+ (libraries)] glibc [GPL-2.0+ (programs), LGPL-2.1+, BSD-3-Clause, MIT (library)] jpeg-turbo [IJG (libjpeg), BSD-3-Clause (TurboJPEG), Zlib (SIMD)] kmod [LGPL-2.1+ (library)] libopenssl [OpenSSL or SSLeay] libzlib [Zlib] linux-headers [GPL-2.0] skeleton-init-common [unknown] skeleton-init-sysv [unknown] util-linux-libs [LGPL-2.1+ (libblkid, libfdisk, libmount), BSD-3-Clause (libuuid)]"
"gst1-plugins-ugly","1.22.0","LGPL-2.1+, GPL-2.0","COPYING","gst-plugins-ugly-1.22.0.tar.xz","https://gstreamer.freedesktop.org/src/gst-plugins-ugly","alsa-lib [LGPL-2.1+ (library), GPL-2.0+ (aserver)] eudev [GPL-2.0+ (programs), LGPL-2.1+ (libraries)] glibc [GPL-2.0+ (programs), LGPL-2.1+, BSD-3-Clause, MIT (library)] gst1-plugins-base [LGPL-2.1+] gstreamer1 [LGPL-2.1+] kmod [LGPL-2.1+ (library)] libdrm [MIT] libffi [MIT] libglib2 [LGPL-2.1+] libmpeg2 [GPL-2.0+] libogg [BSD-3-Clause] libopenssl [OpenSSL or SSLeay] libpthread-stubs [MIT] libtheora [BSD-3-Clause] libvorbis [BSD-3-Clause] libzlib [Zlib] linux-headers [GPL-2.0] pcre [BSD-3-Clause] rockchip-rga [Apache-2.0] skeleton-init-common [unknown] skeleton-init-sysv [unknown] util-linux-libs [LGPL-2.1+ (libblkid, libfdisk, libmount), BSD-3-Clause (libuuid)]"
"harfbuzz","4.3.0","MIT, ISC (ucdn library)","COPYING","harfbuzz-4.3.0.tar.xz","https://github.com/harfbuzz/harfbuzz/releases/download/4.3.0","cairo [LGPL-2.1 or MPL-1.1 (library)] eudev [GPL-2.0+ (programs), LGPL-2.1+ (libraries)] expat [MIT] fontconfig [fontconfig license] freetype [Dual FTL/GPL-2.0+] glibc [GPL-2.0+ (programs), LGPL-2.1+, BSD-3-Clause, MIT (library)] kmod [LGPL-2.1+ (library)] libdrm [MIT] libffi [MIT] libglib2 [LGPL-2.1+] libopenssl [OpenSSL or SSLeay] libpng [Libpng-2.0] libpthread-stubs [MIT] libxml2 [MIT] libzlib [Zlib] linux-headers [GPL-2.0] pcre [BSD-3-Clause] pixman [MIT] rockchip-mali [ARM] skeleton-init-common [unknown] skeleton-init-sysv [unknown] util-linux-libs [LGPL-2.1+ (libblkid, libfdisk, libmount), BSD-3-Clause (libuuid)] wayland [MIT]"
"hostapd","2.9","BSD-3-Clause","README","hostapd-2.9.tar.gz","http://w1.fi/releases","glibc [GPL-2.0+ (programs), LGPL-2.1+, BSD-3-Clause, MIT (library)] libnl [LGPL-2.1+] libopenssl [OpenSSL or SSLeay] libzlib [Zlib] linux-headers [GPL-2.0] skeleton-init-common [unknown] skeleton-init-sysv [unknown]"
"libnl","3.5.0","LGPL-2.1+","COPYING","libnl-3.5.0.tar.gz","https://github.com/thom311/libnl/releases/download/libnl3_5_0","glibc [GPL-2.0+ (programs), LGPL-2.1+, BSD-3-Clause, MIT (library)] linux-headers [GPL-2.0] skeleton-init-common [unknown] skeleton-init-sysv [unknown]"
"input-event-daemon","0.1.3","input-event-daemon license","README","input-event-daemon-0.1.3.tar.gz","https://github.com/gandro/input-event-daemon/archive/v0.1.3","glibc [GPL-2.0+ (programs), LGPL-2.1+, BSD-3-Clause, MIT (library)] linux-headers [GPL-2.0] skeleton-init-common [unknown] skeleton-init-sysv [unknown]"
"iperf","2.1.4","MIT-like","COPYING","iperf-2.1.4.tar.gz","http://downloads.sourceforge.net/project/iperf2","glibc [GPL-2.0+ (programs), LGPL-2.1+, BSD-3-Clause, MIT (library)] linux-headers [GPL-2.0] skeleton-init-common [unknown] skeleton-init-sysv [unknown]"
"iw","5.9","ISC","COPYING","iw-5.9.tar.xz","https://cdn.kernel.org/pub/software/network/iw","glibc [GPL-2.0+ (programs), LGPL-2.1+, BSD-3-Clause, MIT (library)] libnl [LGPL-2.1+] linux-headers [GPL-2.0] skeleton-init-common [unknown] skeleton-init-sysv [unknown]"
"liberation","2.1.5","OFL-1.1","LICENSE","liberation-fonts-ttf-2.1.5.tar.gz","https://github.com/liberationfonts/liberation-fonts/files/7261482","glibc [GPL-2.0+ (programs), LGPL-2.1+, BSD-3-Clause, MIT (library)] linux-headers [GPL-2.0] skeleton-init-common [unknown] skeleton-init-sysv [unknown]"
"libevdev","1.11.0","MIT","COPYING","libevdev-1.11.0.tar.xz","http://www.freedesktop.org/software/libevdev","glibc [GPL-2.0+ (programs), LGPL-2.1+, BSD-3-Clause, MIT (library)] linux-headers [GPL-2.0] skeleton-init-common [unknown] skeleton-init-sysv [unknown]"
"libfribidi","1.0.10","LGPL-2.1+","COPYING","fribidi-1.0.10.tar.xz","https://github.com/fribidi/fribidi/releases/download/v1.0.10","glibc [GPL-2.0+ (programs), LGPL-2.1+, BSD-3-Clause, MIT (library)] linux-headers [GPL-2.0] skeleton-init-common [unknown] skeleton-init-sysv [unknown]"
"libinput","1.19.2","MIT","COPYING","libinput-1.19.2.tar.xz","http://www.freedesktop.org/software/libinput","eudev [GPL-2.0+ (programs), LGPL-2.1+ (libraries)] glibc [GPL-2.0+ (programs), LGPL-2.1+, BSD-3-Clause, MIT (library)] kmod [LGPL-2.1+ (library)] libevdev [MIT] libopenssl [OpenSSL or SSLeay] libzlib [Zlib] linux-headers [GPL-2.0] mtdev [MIT] skeleton-init-common [unknown] skeleton-init-sysv [unknown] util-linux-libs [LGPL-2.1+ (libblkid, libfdisk, libmount), BSD-3-Clause (libuuid)]"
"mtdev","1.1.6","MIT","COPYING","mtdev-1.1.6.tar.bz2","http://bitmath.org/code/mtdev","glibc [GPL-2.0+ (programs), LGPL-2.1+, BSD-3-Clause, MIT (library)] linux-headers [GPL-2.0] skeleton-init-common [unknown] skeleton-init-sysv [unknown]"
"liblockfile","1.17","LGPL-2.0+, GPL-2.0+ (dotlockfile)","COPYRIGHT licenses/GPL-2 licenses/LGPL-2","liblockfile_1.17.orig.tar.gz","http://snapshot.debian.org/archive/debian/20210128T210947Z/pool/main/libl/liblockfile","glibc [GPL-2.0+ (programs), LGPL-2.1+, BSD-3-Clause, MIT (library)] linux-headers [GPL-2.0] skeleton-init-common [unknown] skeleton-init-sysv [unknown]"
"libmad","0.15.1b","GPL-2.0+","COPYING","libmad_0.15.1b.orig.tar.gz","http://snapshot.debian.org/archive/debian/20190310T213528Z/pool/main/libm/libmad","glibc [GPL-2.0+ (programs), LGPL-2.1+, BSD-3-Clause, MIT (library)] linux-headers [GPL-2.0] skeleton-init-common [unknown] skeleton-init-sysv [unknown]"
"libnspr","4.32","MPL-2.0","nspr/LICENSE","nspr-4.32.tar.gz","https://ftp.mozilla.org/pub/mozilla.org/nspr/releases/v4.32/src","glibc [GPL-2.0+ (programs), LGPL-2.1+, BSD-3-Clause, MIT (library)] linux-headers [GPL-2.0] skeleton-init-common [unknown] skeleton-init-sysv [unknown]"
"libnss","3.73.1","MPL-2.0","nss/COPYING","nss-3.73.1.tar.gz","https://ftp.mozilla.org/pub/mozilla.org/security/nss/releases/NSS_3_73_1_RTM/src","glibc [GPL-2.0+ (programs), LGPL-2.1+, BSD-3-Clause, MIT (library)] libnspr [MPL-2.0] libzlib [Zlib] linux-headers [GPL-2.0] ncurses [MIT with advertising clause] readline [GPL-3.0+] skeleton-init-common [unknown] skeleton-init-sysv [unknown] sqlite [Public domain]"
"sqlite","3.39.2","Public domain","tea/license.terms","sqlite-autoconf-3390200.tar.gz","https://www.sqlite.org/2022","glibc [GPL-2.0+ (programs), LGPL-2.1+, BSD-3-Clause, MIT (library)] linux-headers [GPL-2.0] ncurses [MIT with advertising clause] readline [GPL-3.0+] skeleton-init-common [unknown] skeleton-init-sysv [unknown]"
"libvpx","1.11.0","BSD-3-Clause","LICENSE PATENTS","libvpx-1.11.0.tar.gz","https://github.com/webmproject/libvpx/archive/v1.11.0","glibc [GPL-2.0+ (programs), LGPL-2.1+, BSD-3-Clause, MIT (library)] linux-headers [GPL-2.0] skeleton-init-common [unknown] skeleton-init-sysv [unknown]"
"libxkbcommon","1.3.1","MIT/X11","LICENSE","libxkbcommon-1.3.1.tar.xz","https://xkbcommon.org/download","glibc [GPL-2.0+ (programs), LGPL-2.1+, BSD-3-Clause, MIT (library)] linux-headers [GPL-2.0] skeleton-init-common [unknown] skeleton-init-sysv [unknown]"
"libxslt","1.1.34","MIT","COPYING","libxslt-1.1.34.tar.gz","http://xmlsoft.org/sources","glibc [GPL-2.0+ (programs), LGPL-2.1+, BSD-3-Clause, MIT (library)] libxml2 [MIT] libzlib [Zlib] linux-headers [GPL-2.0] skeleton-init-common [unknown] skeleton-init-sysv [unknown]"
"linux","custom","GPL-2.0","","linux-custom.tar.gz","/home/wxt/test/rk3588/buildroot/../kernel","glibc [GPL-2.0+ (programs), LGPL-2.1+, BSD-3-Clause, MIT (library)] linux-headers [GPL-2.0] skeleton-init-common [unknown] skeleton-init-sysv [unknown]"
"numactl","2.0.14","LGPL-2.1 (libnuma), GPL-2.0 (programs)","README.md","numactl-2.0.14.tar.gz","https://github.com/numactl/numactl/archive/v2.0.14","glibc [GPL-2.0+ (programs), LGPL-2.1+, BSD-3-Clause, MIT (library)] linux-headers [GPL-2.0] skeleton-init-common [unknown] skeleton-init-sysv [unknown]"
"lmbench","3.0-a9","lmbench license (based on GPL-2.0)","COPYING COPYING-2","lmbench-3.0-a9.tgz","http://downloads.sourceforge.net/project/lmbench/development/lmbench-3.0-a9","glibc [GPL-2.0+ (programs), LGPL-2.1+, BSD-3-Clause, MIT (library)] libtirpc [BSD-3-Clause] linux-headers [GPL-2.0] skeleton-init-common [unknown] skeleton-init-sysv [unknown]"
"lockfile-progs","0.1.19","GPL-2.0","COPYING","lockfile-progs_0.1.19.tar.gz","http://snapshot.debian.org/archive/debian/20210903T205304Z/pool/main/l/lockfile-progs","glibc [GPL-2.0+ (programs), LGPL-2.1+, BSD-3-Clause, MIT (library)] liblockfile [LGPL-2.0+, GPL-2.0+ (dotlockfile)] linux-headers [GPL-2.0] skeleton-init-common [unknown] skeleton-init-sysv [unknown]"
"lrzsz","0.12.20","GPL-2.0+","COPYING","lrzsz-0.12.20.tar.gz","http://www.ohse.de/uwe/releases","glibc [GPL-2.0+ (programs), LGPL-2.1+, BSD-3-Clause, MIT (library)] linux-headers [GPL-2.0] skeleton-init-common [unknown] skeleton-init-sysv [unknown]"
"make","4.2.1","GPL-3.0+","COPYING","make-4.2.1.tar.bz2","http://ftpmirror.gnu.org/make","glibc [GPL-2.0+ (programs), LGPL-2.1+, BSD-3-Clause, MIT (library)] linux-headers [GPL-2.0] skeleton-init-common [unknown] skeleton-init-sysv [unknown]"
"memtester","4.5.0","GPL-2.0","COPYING","memtester-4.5.0.tar.gz","http://pyropus.ca/software/memtester/old-versions","glibc [GPL-2.0+ (programs), LGPL-2.1+, BSD-3-Clause, MIT (library)] linux-headers [GPL-2.0] skeleton-init-common [unknown] skeleton-init-sysv [unknown]"
"ntfs-3g","2022.5.17","GPL-2.0+, LGPL-2.0+","COPYING COPYING.LIB","ntfs-3g_ntfsprogs-2022.5.17.tgz","http://tuxera.com/opensource","eudev [GPL-2.0+ (programs), LGPL-2.1+ (libraries)] glibc [GPL-2.0+ (programs), LGPL-2.1+, BSD-3-Clause, MIT (library)] kmod [LGPL-2.1+ (library)] libfuse [GPL-2.0, LGPL-2.1] libopenssl [OpenSSL or SSLeay] libzlib [Zlib] linux-headers [GPL-2.0] ncurses [MIT with advertising clause] readline [GPL-3.0+] skeleton-init-common [unknown] skeleton-init-sysv [unknown] util-linux [GPL-2.0+, BSD-4-Clause, LGPL-2.1+ (libblkid, libfdisk, libmount), BSD-3-Clause (libuuid), ISC (rfkill)] util-linux-libs [LGPL-2.1+ (libblkid, libfdisk, libmount), BSD-3-Clause (libuuid)]"
"pango","1.48.10","LGPL-2.0+","COPYING","pango-1.48.10.tar.xz","http://ftp.gnome.org/pub/GNOME/sources/pango/1.48","cairo [LGPL-2.1 or MPL-1.1 (library)] eudev [GPL-2.0+ (programs), LGPL-2.1+ (libraries)] expat [MIT] fontconfig [fontconfig license] freetype [Dual FTL/GPL-2.0+] glibc [GPL-2.0+ (programs), LGPL-2.1+, BSD-3-Clause, MIT (library)] harfbuzz [MIT, ISC (ucdn library)] kmod [LGPL-2.1+ (library)] libdrm [MIT] libffi [MIT] libfribidi [LGPL-2.1+] libglib2 [LGPL-2.1+] libopenssl [OpenSSL or SSLeay] libpng [Libpng-2.0] libpthread-stubs [MIT] libxml2 [MIT] libzlib [Zlib] linux-headers [GPL-2.0] pcre [BSD-3-Clause] pixman [MIT] rockchip-mali [ARM] skeleton-init-common [unknown] skeleton-init-sysv [unknown] util-linux-libs [LGPL-2.1+ (libblkid, libfdisk, libmount), BSD-3-Clause (libuuid)] wayland [MIT]"
"perl","5.32.1","Artistic or GPL-1.0+","Artistic Copying README","perl-5.32.1.tar.xz","https://www.cpan.org/src/5.0","glibc [GPL-2.0+ (programs), LGPL-2.1+, BSD-3-Clause, MIT (library)] linux-headers [GPL-2.0] skeleton-init-common [unknown] skeleton-init-sysv [unknown]"
"pm-utils","1.4.1","GPL-2.0+","COPYING","pm-utils-1.4.1.tar.gz","http://pm-utils.freedesktop.org/releases","glibc [GPL-2.0+ (programs), LGPL-2.1+, BSD-3-Clause, MIT (library)] linux-headers [GPL-2.0] skeleton-init-common [unknown] skeleton-init-sysv [unknown]"
"procrank_linux","21c30ab4514a5b15ac6e813e21bee0d3d714cb08","Apache-2.0","NOTICE","procrank_linux-21c30ab4514a5b15ac6e813e21bee0d3d714cb08.tar.gz","https://github.com/csimmonds/procrank_linux/archive/21c30ab4514a5b15ac6e813e21bee0d3d714cb08","glibc [GPL-2.0+ (programs), LGPL-2.1+, BSD-3-Clause, MIT (library)] linux-headers [GPL-2.0] skeleton-init-common [unknown] skeleton-init-sysv [unknown]"
"camera-engine-rkaiq","1.0","Apache-2.0","NOTICE","camera-engine-rkaiq-1.0.tar.gz","/home/wxt/test/rk3588/buildroot/../external/camera_engine_rkaiq","eudev [GPL-2.0+ (programs), LGPL-2.1+ (libraries)] glibc [GPL-2.0+ (programs), LGPL-2.1+, BSD-3-Clause, MIT (library)] kmod [LGPL-2.1+ (library)] libdrm [MIT] libopenssl [OpenSSL or SSLeay] libpthread-stubs [MIT] libzlib [Zlib] linux-headers [GPL-2.0] rockchip-rga [Apache-2.0] skeleton-init-common [unknown] skeleton-init-sysv [unknown] util-linux-libs [LGPL-2.1+ (libblkid, libfdisk, libmount), BSD-3-Clause (libuuid)]"
"gstreamer1-rockchip","master","LGPL-2.1","COPYING","gstreamer1-rockchip-master.tar.gz","/home/wxt/test/rk3588/buildroot/../external/gstreamer-rockchip","alsa-lib [LGPL-2.1+ (library), GPL-2.0+ (aserver)] eudev [GPL-2.0+ (programs), LGPL-2.1+ (libraries)] glibc [GPL-2.0+ (programs), LGPL-2.1+, BSD-3-Clause, MIT (library)] gst1-plugins-base [LGPL-2.1+] gstreamer1 [LGPL-2.1+] kmod [LGPL-2.1+ (library)] libdrm [MIT] libffi [MIT] libglib2 [LGPL-2.1+] libogg [BSD-3-Clause] libopenssl [OpenSSL or SSLeay] libpthread-stubs [MIT] libtheora [BSD-3-Clause] libvorbis [BSD-3-Clause] libzlib [Zlib] linux-headers [GPL-2.0] pcre [BSD-3-Clause] rockchip-mpp [Apache-2.0, MIT] rockchip-rga [Apache-2.0] skeleton-init-common [unknown] skeleton-init-sysv [unknown] util-linux-libs [LGPL-2.1+ (libblkid, libfdisk, libmount), BSD-3-Clause (libuuid)]"
"rockchip-mpp","develop","Apache-2.0, MIT","LICENSES/Apache-2.0 LICENSES/MIT","rockchip-mpp-develop.tar.gz","/home/wxt/test/rk3588/buildroot/../external/mpp","eudev [GPL-2.0+ (programs), LGPL-2.1+ (libraries)] glibc [GPL-2.0+ (programs), LGPL-2.1+, BSD-3-Clause, MIT (library)] kmod [LGPL-2.1+ (library)] libdrm [MIT] libopenssl [OpenSSL or SSLeay] libpthread-stubs [MIT] libzlib [Zlib] linux-headers [GPL-2.0] skeleton-init-common [unknown] skeleton-init-sysv [unknown] util-linux-libs [LGPL-2.1+ (libblkid, libfdisk, libmount), BSD-3-Clause (libuuid)]"
"libv4l-rkmpp","fe977181a5ab53bb350706cdc259ba6ccd4528da","LGPL-2.1","COPYING","libv4l-rkmpp-fe977181a5ab53bb350706cdc259ba6ccd4528da-br1.tar.gz","https://github.com/JeffyCN/libv4l-rkmpp.git","alsa-lib [LGPL-2.1+ (library), GPL-2.0+ (aserver)] eudev [GPL-2.0+ (programs), LGPL-2.1+ (libraries)] glibc [GPL-2.0+ (programs), LGPL-2.1+, BSD-3-Clause, MIT (library)] jpeg-turbo [IJG (libjpeg), BSD-3-Clause (TurboJPEG), Zlib (SIMD)] kmod [LGPL-2.1+ (library)] libdrm [MIT] libopenssl [OpenSSL or SSLeay] libpthread-stubs [MIT] libv4l [GPL-2.0+ (utilities), LGPL-2.1+ (libraries)] libzlib [Zlib] linux-headers [GPL-2.0] rockchip-mpp [Apache-2.0, MIT] skeleton-init-common [unknown] skeleton-init-sysv [unknown] util-linux-libs [LGPL-2.1+ (libblkid, libfdisk, libmount), BSD-3-Clause (libuuid)]"
"rknpu2","1.0.0","ROCKCHIP","LICENSE","rknpu2-1.0.0.tar.gz","/home/wxt/test/rk3588/buildroot/../external/rknpu2","glibc [GPL-2.0+ (programs), LGPL-2.1+, BSD-3-Clause, MIT (library)] linux-headers [GPL-2.0] skeleton-init-common [unknown] skeleton-init-sysv [unknown]"
"rktoolkit","master","Apache-2.0","LICENSE","rktoolkit-master.tar.gz","/home/wxt/test/rk3588/buildroot/../external/rktoolkit","glibc [GPL-2.0+ (programs), LGPL-2.1+, BSD-3-Clause, MIT (library)] linux-headers [GPL-2.0] skeleton-init-common [unknown] skeleton-init-sysv [unknown]"
"rkwifibt","1.0.0","ROCKCHIP","LICENSE","rkwifibt-1.0.0.tar.gz","/home/wxt/test/rk3588/buildroot/../external/rkwifibt","glibc [GPL-2.0+ (programs), LGPL-2.1+, BSD-3-Clause, MIT (library)] linux-headers [GPL-2.0] skeleton-init-common [unknown] skeleton-init-sysv [unknown]"
"rockchip-alsa-config","1.0","Apache-2.0","NOTICE","rockchip-alsa-config-1.0.tar.gz","/home/wxt/test/rk3588/buildroot/../external/alsa-config","glibc [GPL-2.0+ (programs), LGPL-2.1+, BSD-3-Clause, MIT (library)] linux-headers [GPL-2.0] skeleton-init-common [unknown] skeleton-init-sysv [unknown]"
"rockchip-test","master","ROCKCHIP","LICENSE","rockchip-test-master.tar.gz","/home/wxt/test/rk3588/buildroot/../external/rockchip-test","glibc [GPL-2.0+ (programs), LGPL-2.1+, BSD-3-Clause, MIT (library)] linux-headers [GPL-2.0] skeleton-init-common [unknown] skeleton-init-sysv [unknown]"
"rt-tests","2.2","GPL-2.0+","COPYING","rt-tests-2.2.tar.xz","https://cdn.kernel.org/pub/linux/utils/rt-tests","glibc [GPL-2.0+ (programs), LGPL-2.1+, BSD-3-Clause, MIT (library)] linux-headers [GPL-2.0] numactl [LGPL-2.1 (libnuma), GPL-2.0 (programs)] skeleton-init-common [unknown] skeleton-init-sysv [unknown]"
"seatd","0.6.3","MIT","LICENSE","0.6.3.tar.gz","https://git.sr.ht/~kennylevinsen/seatd/archive","glibc [GPL-2.0+ (programs), LGPL-2.1+, BSD-3-Clause, MIT (library)] linux-headers [GPL-2.0] skeleton-init-common [unknown] skeleton-init-sysv [unknown]"
"sox","7524160b29a476f7e87bc14fddf12d349f9a3c5e","GPL-2.0+ (sox binary), LGPL-2.1+ (libraries)","LICENSE.GPL LICENSE.LGPL","sox-7524160b29a476f7e87bc14fddf12d349f9a3c5e-br1.tar.gz","git://git.code.sf.net/p/sox/code","alsa-lib [LGPL-2.1+ (library), GPL-2.0+ (aserver)] bluez5_utils [GPL-2.0+, LGPL-2.1+] dbus [AFL-2.1 or GPL-2.0+ (library, tools), GPL-2.0+ (tools)] eudev [GPL-2.0+ (programs), LGPL-2.1+ (libraries)] expat [MIT] flac [Xiph BSD-like (libFLAC), GPL-2.0+ (tools), LGPL-2.1+ (other libraries)] glibc [GPL-2.0+ (programs), LGPL-2.1+, BSD-3-Clause, MIT (library)] kmod [LGPL-2.1+ (library)] libffi [MIT] libglib2 [LGPL-2.1+] libmad [GPL-2.0+] libogg [BSD-3-Clause] libopenssl [OpenSSL or SSLeay] libpng [Libpng-2.0] libsndfile [LGPL-2.1+] libtool [LGPL-2.1+] libvorbis [BSD-3-Clause] libzlib [Zlib] linux-headers [GPL-2.0] ncurses [MIT with advertising clause] opus [BSD-3-Clause] pcre [BSD-3-Clause] pulseaudio [LGPL-2.1+ (specific license for modules, see LICENSE file)] readline [GPL-3.0+] sbc [GPL-2.0+ (programs), LGPL-2.1+ (library)] skeleton-init-common [unknown] skeleton-init-sysv [unknown] speex [BSD-3-Clause] util-linux-libs [LGPL-2.1+ (libblkid, libfdisk, libmount), BSD-3-Clause (libuuid)]"
"strace","5.14","LGPL-2.1+","COPYING LGPL-2.1-or-later","strace-5.14.tar.xz","https://strace.io/files/5.14","glibc [GPL-2.0+ (programs), LGPL-2.1+, BSD-3-Clause, MIT (library)] linux-headers [GPL-2.0] skeleton-init-common [unknown] skeleton-init-sysv [unknown]"
"stress-ng","0.13.01","GPL-2.0+","COPYING","stress-ng-0.13.01.tar.gz","https://github.com/ColinIanKing/stress-ng/archive/V0.13.01","glibc [GPL-2.0+ (programs), LGPL-2.1+, BSD-3-Clause, MIT (library)] libbsd [BSD-2-Clause, BSD-3-Clause, BSD-4-Clause, BSD-5-Clause, MIT, ISC, Beerware] linux-headers [GPL-2.0] skeleton-init-common [unknown] skeleton-init-sysv [unknown]"
"stress","1.0.4","GPL-2.0+","COPYING","stress-1.0.4.tar.gz","http://people.seas.harvard.edu/~apw/stress","glibc [GPL-2.0+ (programs), LGPL-2.1+, BSD-3-Clause, MIT (library)] linux-headers [GPL-2.0] skeleton-init-common [unknown] skeleton-init-sysv [unknown]"
"stressapptest","6714c57d0d67f5a2a7a9987791af6729289bf64e","Apache-2.0","NOTICE","stressapptest-6714c57d0d67f5a2a7a9987791af6729289bf64e-br1.tar.gz","https://github.com/stressapptest/stressapptest.git","glibc [GPL-2.0+ (programs), LGPL-2.1+, BSD-3-Clause, MIT (library)] linux-headers [GPL-2.0] skeleton-init-common [unknown] skeleton-init-sysv [unknown]"
"unixbench","e477bc034137f994f2bbaba52952ca6e1de53856","GPL-2.0+","LICENSE.txt","unixbench-e477bc034137f994f2bbaba52952ca6e1de53856-br1.tar.gz","https://github.com/kdlucas/byte-unixbench.git","glibc [GPL-2.0+ (programs), LGPL-2.1+, BSD-3-Clause, MIT (library)] linux-headers [GPL-2.0] perl [Artistic or GPL-1.0+] skeleton-init-common [unknown] skeleton-init-sysv [unknown]"
"usbmount","0.0.22","BSD-2-Clause","debian/copyright","usbmount_0.0.22.tar.gz","http://snapshot.debian.org/archive/debian/20141023T043132Z/pool/main/u/usbmount","eudev [GPL-2.0+ (programs), LGPL-2.1+ (libraries)] glibc [GPL-2.0+ (programs), LGPL-2.1+, BSD-3-Clause, MIT (library)] kmod [LGPL-2.1+ (library)] liblockfile [LGPL-2.0+, GPL-2.0+ (dotlockfile)] libopenssl [OpenSSL or SSLeay] libzlib [Zlib] linux-headers [GPL-2.0] lockfile-progs [GPL-2.0] skeleton-init-common [unknown] skeleton-init-sysv [unknown] util-linux-libs [LGPL-2.1+ (libblkid, libfdisk, libmount), BSD-3-Clause (libuuid)]"
"webp","1.2.1","BSD-3-Clause","COPYING","libwebp-1.2.1.tar.gz","http://downloads.webmproject.org/releases/webp","glibc [GPL-2.0+ (programs), LGPL-2.1+, BSD-3-Clause, MIT (library)] jpeg-turbo [IJG (libjpeg), BSD-3-Clause (TurboJPEG), Zlib (SIMD)] libpng [Libpng-2.0] libzlib [Zlib] linux-headers [GPL-2.0] skeleton-init-common [unknown] skeleton-init-sysv [unknown]"
"weston","11.0.1","MIT","COPYING","weston-11.0.1.tar.gz","https://gitlab.freedesktop.org/wayland/weston/-/archive/11.0.1","cairo [LGPL-2.1 or MPL-1.1 (library)] eudev [GPL-2.0+ (programs), LGPL-2.1+ (libraries)] expat [MIT] fontconfig [fontconfig license] freetype [Dual FTL/GPL-2.0+] glibc [GPL-2.0+ (programs), LGPL-2.1+, BSD-3-Clause, MIT (library)] jpeg-turbo [IJG (libjpeg), BSD-3-Clause (TurboJPEG), Zlib (SIMD)] kmod [LGPL-2.1+ (library)] libdrm [MIT] libevdev [MIT] libffi [MIT] libglib2 [LGPL-2.1+] libinput [MIT] libopenssl [OpenSSL or SSLeay] libpng [Libpng-2.0] libpthread-stubs [MIT] libxkbcommon [MIT/X11] libxml2 [MIT] libzlib [Zlib] linux-headers [GPL-2.0] mtdev [MIT] pcre [BSD-3-Clause] pixman [MIT] rockchip-mali [ARM] rockchip-rga [Apache-2.0] skeleton-init-common [unknown] skeleton-init-sysv [unknown] util-linux-libs [LGPL-2.1+ (libblkid, libfdisk, libmount), BSD-3-Clause (libuuid)] wayland [MIT] wayland-protocols [MIT] webp [BSD-3-Clause]"
"whetstone","1.2","unknown","","whetstone.c","http://www.netlib.org/benchmark","glibc [GPL-2.0+ (programs), LGPL-2.1+, BSD-3-Clause, MIT (library)] linux-headers [GPL-2.0] skeleton-init-common [unknown] skeleton-init-sysv [unknown]"
"wireless_tools","30.pre9","GPL-2.0","COPYING","wireless_tools.30.pre9.tar.gz","https://hewlettpackard.github.io/wireless-tools","glibc [GPL-2.0+ (programs), LGPL-2.1+, BSD-3-Clause, MIT (library)] linux-headers [GPL-2.0] skeleton-init-common [unknown] skeleton-init-sysv [unknown]"
"wpa_supplicant","2.9","BSD-3-Clause","README","wpa_supplicant-2.9.tar.gz","http://w1.fi/releases","glibc [GPL-2.0+ (programs), LGPL-2.1+, BSD-3-Clause, MIT (library)] libnl [LGPL-2.1+] libopenssl [OpenSSL or SSLeay] libzlib [Zlib] linux-headers [GPL-2.0] ncurses [MIT with advertising clause] readline [GPL-3.0+] skeleton-init-common [unknown] skeleton-init-sysv [unknown]"
"xkeyboard-config","2.36","MIT","COPYING","xkeyboard-config-2.36.tar.xz","https://www.x.org/releases/individual/data/xkeyboard-config","glibc [GPL-2.0+ (programs), LGPL-2.1+, BSD-3-Clause, MIT (library)] linux-headers [GPL-2.0] skeleton-init-common [unknown] skeleton-init-sysv [unknown]"
